{
    "2016_": {
        "0SVJ": 0.02552,
        "1SVJ": 0.03333,
        "2SVJ": 0,
        "2PSVJ": 0.05003,
        "3PSVJ": 0.22942
    },
    "2017_": {
        "0SVJ": 0.04863,
        "1SVJ": 0.07695,
        "2SVJ": 0,
        "2PSVJ": 0.1643,
        "3PSVJ": 0.26649
    },
    "2018_": {
        "0SVJ": 0.04895,
        "1SVJ": 0.09204,
        "2SVJ": 0,
        "2PSVJ": 0.09064,
        "3PSVJ": 0.14318
    }
}