{
    "2017": {
        "0SVJ": 0.04882,
        "1SVJ": 0.08158,
        "2SVJ": 0.5,
        "2PSVJ": 0.5,
        "3PSVJ": 0.5
    },
    "2018": {
        "0SVJ": 0.0572,
        "1SVJ": 0.09294,
        "2SVJ": 0.5,
        "2PSVJ": 0.5,
        "3PSVJ": 0.5
    }
}