{
    "2017": {
        "0SVJ": 0.11262,
        "1SVJ": 0.11148,
        "2SVJ": 0.5,
        "2PSVJ": 0.38683,
        "3PSVJ": 0.5
    },
    "2018": {
        "0SVJ": 0.11277,
        "1SVJ": 0.15527,
        "2SVJ": 0.5,
        "2PSVJ": 0.5,
        "3PSVJ": 0.5
    }
}