{
    "2017": {
        "0SVJ": 0.14289,
        "1SVJ": 0.13798,
        "2SVJ": 0.1747,
        "2PSVJ": 0.1758,
        "3PSVJ": 0.2743
    },
    "2018": {
        "0SVJ": 0.1142,
        "1SVJ": 0.1514,
        "2SVJ": 0.07564,
        "2PSVJ": 0.06807,
        "3PSVJ": 0.17117
    }
}