{
    "2017": {
        "0SVJ": 0.12765,
        "1SVJ": 0.21474,
        "2SVJ": 0.5,
        "2PSVJ": 0.5,
        "3PSVJ": 0.5
    },
    "2018": {
        "0SVJ": 0.09558,
        "1SVJ": 0.21376,
        "2SVJ": 0.5,
        "2PSVJ": 0.5,
        "3PSVJ": 0.5
    }
}