{
    "2017": {
        "0SVJ": 0.17071,
        "1SVJ": 0.13239,
        "2SVJ": 0.09556,
        "2PSVJ": 0.09667,
        "3PSVJ": 0.2334
    },
    "2018": {
        "0SVJ": 0.07526,
        "1SVJ": 0.17402,
        "2SVJ": 0.0906,
        "2PSVJ": 0.10075,
        "3PSVJ": 0.2636
    }
}