{
    "2017": {
        "0SVJ": 0.04261,
        "1SVJ": 0.07899,
        "2SVJ": 0.25,
        "2PSVJ": 0.22,
        "3PSVJ": 0.5
    },
    "2018": {
        "0SVJ": 0.0774,
        "1SVJ": 0.06625,
        "2SVJ": 0.22927,
        "2PSVJ": 0.22187,
        "3PSVJ": 0.5
    }
}