{
    "2017": {
        "0SVJ": 0.04626,
        "1SVJ": 0.15268,
        "2SVJ": 0.25599,
        "2PSVJ": 0.23078,
        "3PSVJ": 0.5
    },
    "2018": {
        "0SVJ": 0.05041,
        "1SVJ": 0.15991,
        "2SVJ": 0.14946,
        "2PSVJ": 0.15345,
        "3PSVJ": 0.5
    }
}