{
    "2017": {
        "0SVJ": 0.08147,
        "1SVJ": 0.09474,
        "2SVJ": 0.5,
        "2PSVJ": 0.5,
        "3PSVJ": 0.5
    },
    "2018": {
        "0SVJ": 0.07639,
        "1SVJ": 0.07608,
        "2SVJ": 0.5,
        "2PSVJ": 0.5,
        "3PSVJ": 0.5
    }
}