{
    "2017": {
        "0SVJ": 0.07463,
        "1SVJ": 0.08912,
        "2SVJ": 0.13891,
        "2PSVJ": 0.13144,
        "3PSVJ": 0.21938
    },
    "2018": {
        "0SVJ": 0.07201,
        "1SVJ": 0.10959,
        "2SVJ": 0.09811,
        "2PSVJ": 0.10071,
        "3PSVJ": 0.23704
    }
}