{
    "2017": {
        "0SVJ": 0.12943,
        "1SVJ": 0.16426,
        "2SVJ": 0.10697,
        "2PSVJ": 0.15797,
        "3PSVJ": 0.5
    },
    "2018": {
        "0SVJ": 0.10245,
        "1SVJ": 0.1237,
        "2SVJ": 0.12426,
        "2PSVJ": 0.13267,
        "3PSVJ": 0.5
    }
}